[{
  "Name": "go",
  "Description": "Go language support (gofmt and goimports)",
  "Tags": ["go", "golang"],
  "Website": "https://github.com/micro-editor/go-plugin",
  "Versions": [
    {
      "Version": "2.0.0",
      "Url": "https://github.com/micro-editor/go-plugin/archive/v2.0.0.zip",
      "Require": {
        "micro": ">=2.0.0-1"
      }
    },
    {
      "Version": "1.0.1",
      "Url": "https://github.com/micro-editor/go-plugin/archive/v1.0.1.zip",
      "Require": {
        "micro": ">=1.0.3 <2.0.0-1"
      }
    }
  ]
}]

