[{
  "Name": "wc",
  "Description": "Plugin to count words/characters in micro",
  "Tags": ["wc", "word", "character", "count"],
  "Website": "https://github.com/adamnpeace/micro-wc-plugin",
  "Versions": [
    {
      "Version": "1.1.0",
      "Url": "https://github.com/micro-editor/updated-plugins/releases/download/v1.0.0/wc-1.1.0.zip",
      "Require": {
        "micro": ">=2.0.0-1"
      }
    },
    {
      "Version": "1.0.1",
      "Url": "https://github.com/adamnpeace/micro-wc-plugin/archive/v1.0.1.zip",
      "Require": {
        "micro": ">=1.1.0"
      }
    }
  ]
}]
